ID, https://github.com/alibaba/fastjson, e05e9c5e4be580691cc55a59f3256595393203a1,.,com.alibaba.json.bvt.asm.SortFieldTest.test_1, fastjson-e05e9c5e4be580691cc55a59f3256595393203a1
ID, https://github.com/alibaba/fastjson, e05e9c5e4be580691cc55a59f3256595393203a1,.,com.alibaba.json.bvt.issue_1100.Issue1177_1.test_for_issue, fastjson-e05e9c5e4be580691cc55a59f3256595393203a1
ID, https://github.com/alibaba/fastjson, e05e9c5e4be580691cc55a59f3256595393203a1,.,com.alibaba.json.bvt.issue_1300.Issue1363.test_for_issue, fastjson-e05e9c5e4be580691cc55a59f3256595393203a1
ID, https://github.com/alibaba/fastjson, e05e9c5e4be580691cc55a59f3256595393203a1,.,com.alibaba.json.bvt.issue_1300.Issue1363.test_for_issue_1, fastjson-e05e9c5e4be580691cc55a59f3256595393203a1
ID, https://github.com/alibaba/fastjson, e05e9c5e4be580691cc55a59f3256595393203a1,.,com.alibaba.json.bvt.issue_1900.Issue1972.test_for_issue, fastjson-e05e9c5e4be580691cc55a59f3256595393203a1
ID, https://github.com/alibaba/fastjson, e05e9c5e4be580691cc55a59f3256595393203a1,.,com.alibaba.json.bvt.bug.Bug_for_smoothrat6.test_set, fastjson-e05e9c5e4be580691cc55a59f3256595393203a1
ID, https://github.com/alibaba/fastjson, e05e9c5e4be580691cc55a59f3256595393203a1,.,com.alibaba.json.bvt.guava.ArrayListMultimapTest.test_for_multimap, fastjson-e05e9c5e4be580691cc55a59f3256595393203a1
ID, https://github.com/alibaba/fastjson, e05e9c5e4be580691cc55a59f3256595393203a1,.,com.alibaba.json.bvt.guava.HashMultimapTest.test_for_multimap, fastjson-e05e9c5e4be580691cc55a59f3256595393203a1
ID, https://github.com/alibaba/fastjson, e05e9c5e4be580691cc55a59f3256595393203a1,.,com.alibaba.json.bvt.guava.MultiMapTes.test_multimap, fastjson-e05e9c5e4be580691cc55a59f3256595393203a1
ID, https://github.com/alibaba/fastjson, e05e9c5e4be580691cc55a59f3256595393203a1,.,com.alibaba.json.bvt.issue_1100.Issue1177_2.test_for_issue, fastjson-e05e9c5e4be580691cc55a59f3256595393203a1
ID, https://github.com/alibaba/fastjson, e05e9c5e4be580691cc55a59f3256595393203a1,.,com.alibaba.json.bvt.issue_1400.Issue1480.test_for_issue, fastjson-e05e9c5e4be580691cc55a59f3256595393203a1
ID, https://github.com/alibaba/fastjson, e05e9c5e4be580691cc55a59f3256595393203a1,.,com.alibaba.json.bvt.issue_1500.Issue1584.test_for_issue, fastjson-e05e9c5e4be580691cc55a59f3256595393203a1
ID, https://github.com/alibaba/fastjson, 5c6d6fd471ea1fab59f0df2dd31e0b936806780d,.,com.alibaba.json.bvt.issue_1700.Issue1780_JSONObject.test_for_issue, fastjson-5c6d6fd471ea1fab59f0df2dd31e0b936806780d
ID, https://github.com/alibaba/fastjson, 5c6d6fd471ea1fab59f0df2dd31e0b936806780d,.,com.alibaba.json.bvt.issue_1700.Issue1780_Module.test_for_issue, fastjson-5c6d6fd471ea1fab59f0df2dd31e0b936806780d 
ID, https://github.com/alibaba/fastjson, 3ea25de368b185e3c9f3d56e46a4cfcdb9265318,.,com.alibaba.json.bvt.issue_2100.Issue2182.test_for_issue, fastjson-3ea25de368b185e3c9f3d56e46a4cfcdb9265318
ID, https://github.com/alibaba/fastjson, e05e9c5e4be580691cc55a59f3256595393203a1,.,com.alibaba.json.bvt.jsonp.JSONPParseTest2.test_f, fastjson-e05e9c5e4be580691cc55a59f3256595393203a1
ID, https://github.com/alibaba/fastjson, e05e9c5e4be580691cc55a59f3256595393203a1,.,com.alibaba.json.bvt.jsonp.JSONPParseTest3.test_f, fastjson-e05e9c5e4be580691cc55a59f3256595393203a1
ID, https://github.com/alibaba/fastjson, 3ea25de368b185e3c9f3d56e46a4cfcdb9265318,.,com.alibaba.json.bvt.path.JSONPath_reverse_test.test_reserve3, fastjson-3ea25de368b185e3c9f3d56e46a4cfcdb9265318
ID, https://github.com/alibaba/fastjson, 3ea25de368b185e3c9f3d56e46a4cfcdb9265318,.,com.alibaba.json.bvt.path.JSONPath_reverse_test.test_reserve, fastjson-3ea25de368b185e3c9f3d56e46a4cfcdb9265318
ID, https://github.com/alibaba/fastjson, e05e9c5e4be580691cc55a59f3256595393203a1,.,com.alibaba.json.bvt.support.spring.mock.testcase.FastJsonpHttpMessageConverter4Case1Test.test1_2, fastjson-e05e9c5e4be580691cc55a59f3256595393203a1
ID, https://github.com/alibaba/fastjson, e05e9c5e4be580691cc55a59f3256595393203a1,.,com.alibaba.json.bvt.support.spring.mock.testcase.FastJsonpHttpMessageConverter4Case1Test.test2_2, fastjson-e05e9c5e4be580691cc55a59f3256595393203a1
ID, https://github.com/alibaba/fastjson, e05e9c5e4be580691cc55a59f3256595393203a1,.,com.alibaba.json.bvt.support.spring.mock.testcase.FastJsonpHttpMessageConverter4Case2Test.test1_2, fastjson-e05e9c5e4be580691cc55a59f3256595393203a1
ID, https://github.com/alibaba/fastjson, e05e9c5e4be580691cc55a59f3256595393203a1,.,com.alibaba.json.bvt.support.spring.mock.testcase.FastJsonpHttpMessageConverter4Case2Test.test2_2, fastjson-e05e9c5e4be580691cc55a59f3256595393203a1
ID, https://github.com/alibaba/fastjson, e05e9c5e4be580691cc55a59f3256595393203a1,.,com.alibaba.json.bvt.support.spring.mock.testcase.FastJsonpHttpMessageConverter4Case3Test.test1_2, fastjson-e05e9c5e4be580691cc55a59f3256595393203a1
ID, https://github.com/alibaba/fastjson, e05e9c5e4be580691cc55a59f3256595393203a1,.,com.alibaba.json.bvt.writeClassName.WriteClassNameTest_Map.test_list, fastjson-e05e9c5e4be580691cc55a59f3256595393203a1
ID, https://github.com/alibaba/fastjson, e05e9c5e4be580691cc55a59f3256595393203a1,.,com.alibaba.json.bvt.writeClassName.WriteDuplicateType.test_dupType2, fastjson-e05e9c5e4be580691cc55a59f3256595393203a1
ID, https://github.com/alibaba/fastjson, e05e9c5e4be580691cc55a59f3256595393203a1,.,com.alibaba.json.bvt.writeClassName.WriteDuplicateType.test_dupType, fastjson-e05e9c5e4be580691cc55a59f3256595393203a1
ID, https://github.com/alibaba/fastjson, 93d8c01e907fe35a8ff0eb5fe1c3b279d2f30282,.,com.alibaba.json.bvt.issue_3600.Issue3655.test_inherit_from_abstract_class_1, fastjson-93d8c01e907fe35a8ff0eb5fe1c3b279d2f30282
ID, https://github.com/alibaba/fastjson, 3ea25de368b185e3c9f3d56e46a4cfcdb9265318,.,com.alibaba.json.bvt.bug.Bug_for_yangzhou.test_for_issue, fastjson-3ea25de368b185e3c9f3d56e46a4cfcdb9265318
ID, https://github.com/alibaba/fastjson, 37ed66bcaa3b0c88c5f3f0b09e6b4029c72c14cd,.,com.alibaba.json.bvt.parser.TypeUtilsTest.test_cast_to_Timestamp_1970_01_01_00_00_00, fastjson-37ed66bcaa3b0c88c5f3f0b09e6b4029c72c14cd
ID, https://github.com/apache/commons-lang,	7c32e527651a8a235d1b78b2f5d3f53d5e9bb6cb,.,org.apache.commons.lang3.builder.HashCodeBuilderTest.testReflectionHashCodeExcludeFields, commons-lang-7c32e527651a8a235d1b78b2f5d3f53d5e9bb6cb
ID, https://github.com/apache/commons-lang,	7c32e527651a8a235d1b78b2f5d3f53d5e9bb6cb,.,org.apache.commons.lang3.builder.MultilineRecursiveToStringStyleTest.boolArray, commons-lang-7c32e527651a8a235d1b78b2f5d3f53d5e9bb6cb
ID, https://github.com/apache/commons-lang,	7c32e527651a8a235d1b78b2f5d3f53d5e9bb6cb,.,org.apache.commons.lang3.builder.MultilineRecursiveToStringStyleTest.charArray, commons-lang-7c32e527651a8a235d1b78b2f5d3f53d5e9bb6cb
ID, https://github.com/apache/commons-lang,	7c32e527651a8a235d1b78b2f5d3f53d5e9bb6cb,.,org.apache.commons.lang3.builder.MultilineRecursiveToStringStyleTest.intArray, commons-lang-7c32e527651a8a235d1b78b2f5d3f53d5e9bb6cb
ID, https://github.com/apache/commons-lang,	7c32e527651a8a235d1b78b2f5d3f53d5e9bb6cb,.,org.apache.commons.lang3.builder.MultilineRecursiveToStringStyleTest.longArray, commons-lang-7c32e527651a8a235d1b78b2f5d3f53d5e9bb6cb
ID, https://github.com/apache/commons-lang,	7c32e527651a8a235d1b78b2f5d3f53d5e9bb6cb,.,org.apache.commons.lang3.builder.MultilineRecursiveToStringStyleTest.nestedAndArray, commons-lang-7c32e527651a8a235d1b78b2f5d3f53d5e9bb6cb
ID, https://github.com/apache/commons-lang,	7c32e527651a8a235d1b78b2f5d3f53d5e9bb6cb,.,org.apache.commons.lang3.builder.MultilineRecursiveToStringStyleTest.nestedElements, commons-lang-7c32e527651a8a235d1b78b2f5d3f53d5e9bb6cb
ID, https://github.com/apache/commons-lang,	7c32e527651a8a235d1b78b2f5d3f53d5e9bb6cb,.,org.apache.commons.lang3.builder.MultilineRecursiveToStringStyleTest.simpleObject, commons-lang-7c32e527651a8a235d1b78b2f5d3f53d5e9bb6cb
ID, https://github.com/apache/commons-lang,	7c32e527651a8a235d1b78b2f5d3f53d5e9bb6cb,.,org.apache.commons.lang3.builder.MultilineRecursiveToStringStyleTest.stringArray, commons-lang-7c32e527651a8a235d1b78b2f5d3f53d5e9bb6cb
ID, https://github.com/apache/commons-lang,	7c32e527651a8a235d1b78b2f5d3f53d5e9bb6cb,.,org.apache.commons.lang3.builder.RecursiveToStringStyleTest.testPerson, commons-lang-7c32e527651a8a235d1b78b2f5d3f53d5e9bb6cb
ID, https://github.com/apache/commons-lang,	7c32e527651a8a235d1b78b2f5d3f53d5e9bb6cb,.,org.apache.commons.lang3.builder.ReflectionToStringBuilderSummaryTest.testSummary, commons-lang-7c32e527651a8a235d1b78b2f5d3f53d5e9bb6cb
ID, https://github.com/apache/commons-lang,	7c32e527651a8a235d1b78b2f5d3f53d5e9bb6cb,.,org.apache.commons.lang3.builder.ToStringBuilderTest.testInheritedReflectionStatics, commons-lang-7c32e527651a8a235d1b78b2f5d3f53d5e9bb6cb
ID, https://github.com/apache/commons-lang,	7c32e527651a8a235d1b78b2f5d3f53d5e9bb6cb,.,org.apache.commons.lang3.builder.ToStringBuilderTest.testReflectionHierarchy, commons-lang-7c32e527651a8a235d1b78b2f5d3f53d5e9bb6cb
ID, https://github.com/apache/commons-lang,	7c32e527651a8a235d1b78b2f5d3f53d5e9bb6cb,.,org.apache.commons.lang3.builder.ToStringBuilderTest.testReflectionHierarchyArrayList, commons-lang-7c32e527651a8a235d1b78b2f5d3f53d5e9bb6cb
ID, https://github.com/apache/commons-lang,	7c32e527651a8a235d1b78b2f5d3f53d5e9bb6cb,.,org.apache.commons.lang3.builder.ToStringBuilderTest.testReflectionStatics, commons-lang-7c32e527651a8a235d1b78b2f5d3f53d5e9bb6cb
ID, https://github.com/apache/commons-lang,	7c32e527651a8a235d1b78b2f5d3f53d5e9bb6cb,.,org.apache.commons.lang3.builder.ToStringBuilderTest.testSelfInstanceTwoVarsReflectionObjectCycle, commons-lang-7c32e527651a8a235d1b78b2f5d3f53d5e9bb6cb
ID, https://github.com/apache/commons-lang,	7c32e527651a8a235d1b78b2f5d3f53d5e9bb6cb,.,org.apache.commons.lang3.builder.ToStringBuilderTest.testSimpleReflectionStatics, commons-lang-7c32e527651a8a235d1b78b2f5d3f53d5e9bb6cb
ID, https://github.com/apache/commons-lang,	7c32e527651a8a235d1b78b2f5d3f53d5e9bb6cb,.,org.apache.commons.lang3.reflect.FieldUtilsTest.testGetFieldsWithAnnotation, commons-lang-7c32e527651a8a235d1b78b2f5d3f53d5e9bb6cb
ID, https://github.com/apache/commons-lang,	7c32e527651a8a235d1b78b2f5d3f53d5e9bb6cb,.,org.apache.commons.lang3.builder.HashCodeBuilderTest.testReflectionHierarchyHashCode, commons-lang-7c32e527651a8a235d1b78b2f5d3f53d5e9bb6cb
ID, https://github.com/apache/commons-lang,	7c32e527651a8a235d1b78b2f5d3f53d5e9bb6cb,.,org.apache.commons.lang3.builder.MultilineRecursiveToStringStyleTest.doubleArray, commons-lang-7c32e527651a8a235d1b78b2f5d3f53d5e9bb6cb